"","Study","Ab_ICC","Aw_ICC","Cb_ICC","Cp_ICC","Cu_ICC","Cw_ICC","N","Interval","Order"
"2","Calanchini",0.0293027911069931,-0.134459449310479,0.594768570872352,0.584674764396462,0.526267498238109,0.407487162065997,105,48,2
"3","PI",0.258576879737876,0.278872530318332,0.477045661076848,0.47215714139749,0.480286607390302,0.485062316058813,1240,28,1
"4","Gawronski",0.480696007527679,0.386175455730972,0.594086196048452,0.390624450619176,0.573850543828686,0.548488723504183,116,730,4
"5","Forscher",0.122033435870942,0.2987189819751,0.4136321768631,0.528207699706388,0.522537049479511,0.54069870276743,32,8760,5
"6","Lai1",-0.00959933811458722,0.192625424125526,0.164953860571177,0.350301836589037,0.157856657450045,0.0067828771231246,80,NA,3
"7","Lai2",0.365593461881193,0.330816048467399,0.494530412792199,0.540039669854731,0.545386047305214,0.550984294098443,463,NA,3
