"","Study","D_ICC","G_ICC","OB_ICC","ACbb_ICC","ACwg_ICC","N","Interval","Order"
"2","Calanchini",0.51271567428658,0.0717549179734706,0.430651926998747,0.329036221300585,0.576986105504912,105,48,2
"3","PI",0.479139696320373,0.167754795413794,0.0726724854243498,0.0983185807865481,0.137405039260989,1240,28,1
"4","Gawronski",0.595615238086082,0.0940192870226922,0.2174265568447,0.0613546080345528,0.359768489090614,116,730,4
"5","Forscher",0.674116828838368,-0.114954702330389,-0.182794453250601,-0.0336379849771824,0.270860456346407,32,8760,5
"6","Lai1",0.278599484238788,0.0140656194748686,0.200973257676252,0.047948180607837,0.370100603115269,80,NA,3
"7","Lai2",0.56035796423248,-0.209191845634313,0.0994219675060312,0.0966542667838234,0.201843189345124,463,NA,3
